{
  "credit": "Made with Blockbench",
  "texture_size": [
    32,
    32
  ],
  "elements": [
    {
      "from": [
        4.5,
        0,
        5
      ],
      "to": [
        11.5,
        6,
        11
      ],
      "faces": {
        "north": {
          "uv": [
            9,
            7,
            12.5,
            10
          ],
          "texture": "#0"
        },
        "east": {
          "uv": [
            10.5,
            10,
            13.5,
            13
          ],
          "texture": "#0"
        },
        "south": {
          "uv": [
            0,
            10,
            3.5,
            13
          ],
          "texture": "#0"
        },
        "west": {
          "uv": [
            11.5,
            0,
            14.5,
            3
          ],
          "texture": "#0"
        },
        "up": {
          "uv": [
            7,
            13,
            3.5,
            10
          ],
          "texture": "#0"
        },
        "down": {
          "uv": [
            10.5,
            10,
            7,
            13
          ],
          "texture": "#0"
        }
      }
    },
    {
      "from": [
        3.5,
        6,
        8
      ],
      "to": [
        12.5,
        12,
        8
      ],
      "faces": {
        "north": {
          "uv": [
            0,
            7,
            4.5,
            10
          ],
          "texture": "#0"
        },
        "east": {
          "uv": [
            0,
            0,
            0,
            3
          ],
          "texture": "#0"
        },
        "south": {
          "uv": [
            4.5,
            7,
            0,
            10
          ],
          "texture": "#0"
        },
        "west": {
          "uv": [
            0,
            0,
            0,
            3
          ],
          "texture": "#0"
        },
        "up": {
          "uv": [
            4.5,
            0,
            0,
            0
          ],
          "texture": "#0"
        },
        "down": {
          "uv": [
            4.5,
            0,
            0,
            0
          ],
          "texture": "#0"
        }
      }
    },
    {
      "from": [
        4,
        -0.5,
        4.5
      ],
      "to": [
        12,
        6.5,
        11.5
      ],
      "faces": {
        "north": {
          "uv": [
            0,
            0,
            4,
            3.5
          ],
          "texture": "#0"
        },
        "east": {
          "uv": [
            8,
            0,
            11.5,
            3.5
          ],
          "texture": "#0"
        },
        "south": {
          "uv": [
            0,
            3.5,
            4,
            7
          ],
          "texture": "#0"
        },
        "west": {
          "uv": [
            8,
            3.5,
            11.5,
            7
          ],
          "texture": "#0"
        },
        "up": {
          "uv": [
            8,
            3.5,
            4,
            0
          ],
          "texture": "#0"
        },
        "down": {
          "uv": [
            8,
            3.5,
            4,
            7
          ],
          "texture": "#0"
        }
      }
    }
  ],
  "display": {
    "thirdperson_righthand": {
      "translation": [
        0,
        5.25,
        0
      ]
    },
    "thirdperson_lefthand": {
      "translation": [
        0,
        4.75,
        0
      ]
    },
    "gui": {
      "rotation": [
        13,
        -13,
        0
      ],
      "translation": [
        0,
        2.25,
        0
      ]
    }
  },
  "groups": [
    {
      "name": "group",
      "origin": [
        8,
        8,
        8
      ],
      "color": 0,
      "children": [
        0,
        1,
        2
      ]
    }
  ]
}