{
	"format_version": "1.8.0",
	"animations": {
		"idle": {
			"loop": true,
			"animation_length": 1.33333,
			"bones": {
				"bone": {
					"rotation": {
						"0.0": {
							"vector": [-7.5, -42.5, 0]
						},
						"0.75": {
							"vector": [-10, -42.5, 0]
						},
						"1.3333": {
							"vector": [-7.5, -42.5, 0]
						}
					},
					"position": {
						"0.0": {
							"vector": [0, 0, 0]
						},
						"0.375": {
							"vector": [0, 3.33, 0]
						},
						"0.75": {
							"vector": [0, 4, 0]
						},
						"1.0417": {
							"vector": [0, 2, 0]
						},
						"1.3333": {
							"vector": [0, 0, 0]
						}
					}
				},
				"head": {
					"rotation": {
						"0.0": {
							"vector": [9.92649, 44.11043, 6.37102]
						},
						"0.2917": {
							"vector": [2.8469, 44.11043, 6.37102]
						},
						"1.0833": {
							"vector": [-6.29766, 44.11043, 6.37102]
						},
						"1.3333": {
							"vector": [9.92649, 44.11043, 6.37102]
						}
					}
				},
				"cloth": {
					"rotation": {
						"0.0": {
							"vector": [0, 0, 2.5]
						},
						"0.375": {
							"vector": [0, 0, 5]
						},
						"0.5417": {
							"vector": [-10, 0, 5]
						},
						"0.7083": {
							"vector": [-22.01816, -4.75113, -6.57518]
						},
						"0.9167": {
							"vector": [-34.63327, -7.32641, -13.14115]
						},
						"1.3333": {
							"vector": [0, 0, 2.5]
						}
					}
				},
				"uppertorso": {
					"rotation": {
						"0.0": {
							"vector": [12.5, 0, -5]
						},
						"0.25": {
							"vector": [7.68, 0, -5]
						},
						"0.625": {
							"vector": [5.18, 0, -5]
						},
						"1.3333": {
							"vector": [12.5, 0, -5]
						}
					}
				},
				"leftarm": {
					"rotation": {
						"0.0": {
							"vector": [-7.5, 0, 0]
						},
						"0.25": {
							"vector": [12.5, 0, 0]
						},
						"0.5": {
							"vector": [2.5, 0, 0]
						},
						"0.9167": {
							"vector": [-2.5, 0, 0]
						},
						"1.3333": {
							"vector": [-7.5, 0, 0]
						}
					}
				},
				"lowerleftarm": {
					"rotation": {
						"0.0": {
							"vector": [180, 42.5, 180]
						},
						"0.25": {
							"vector": [175.43385, 42.30053, 173.23267]
						},
						"0.5833": {
							"vector": [186.82047, 42.05244, 190.12436]
						},
						"1.0417": {
							"vector": [191.11982, 41.28736, 196.58765]
						},
						"1.3333": {
							"vector": [180, 42.5, 180]
						}
					}
				},
				"hand": {
					"rotation": {
						"vector": [0, 0, 45]
					},
					"position": {
						"vector": [0, 4, 0]
					}
				},
				"thumb": {
					"rotation": {
						"vector": [101.59948, 9.57658, -39.02504]
					}
				},
				"rightarm": {
					"rotation": {
						"0.0": {
							"vector": [84.50616, -42.22954, -3.47981]
						},
						"0.2083": {
							"vector": [86.77687, -42.4196, -6.85163]
						},
						"0.4583": {
							"vector": [82.26292, -41.94143, -0.13342]
						},
						"1.0833": {
							"vector": [80.05766, -41.55712, 3.17789]
						},
						"1.3333": {
							"vector": [84.50616, -42.22954, -3.47981]
						}
					}
				},
				"lowerrightarm": {
					"rotation": {
						"0.0": {
							"vector": [0, 0, 5]
						},
						"0.25": {
							"vector": [0, -2.5, 5]
						},
						"0.5417": {
							"vector": [0.32652, 2.4786, 12.50706]
						},
						"1.125": {
							"vector": [0.32745, 4.97856, 12.52136]
						},
						"1.3333": {
							"vector": [0, 0, 5]
						}
					}
				},
				"hand2": {
					"rotation": {
						"vector": [0, 0, 90]
					}
				},
				"thumb2": {
					"rotation": {
						"vector": [140, 0, 0]
					}
				},
				"rightleg": {
					"rotation": {
						"0.0": {
							"vector": [-25, 60, 0]
						},
						"0.25": {
							"vector": [-12.57717, 60, 0]
						},
						"0.5417": {
							"vector": [-25.26474, 60, 0]
						},
						"0.7917": {
							"vector": [-35.86197, 60, 0]
						},
						"1.0417": {
							"vector": [-33.36197, 60, 0]
						},
						"1.3333": {
							"vector": [-25, 60, 0]
						}
					}
				},
				"lowerrightleg": {
					"rotation": {
						"0.0": {
							"vector": [47.5, 0, 0]
						},
						"0.25": {
							"vector": [27.5, 0, 0]
						},
						"0.5833": {
							"vector": [47.5, 0, 0]
						},
						"1.0833": {
							"vector": [65, 0, 0]
						},
						"1.3333": {
							"vector": [47.5, 0, 0]
						}
					}
				},
				"leftleg": {
					"rotation": {
						"0.0": {
							"vector": [-14.36277, -37.62005, -13.51468]
						},
						"0.1667": {
							"vector": [-0.37438, -37.62005, -13.51468]
						},
						"0.4167": {
							"vector": [-5.37438, -37.62005, -13.51468]
						},
						"0.625": {
							"vector": [-10.35038, -37.62005, -13.51468]
						},
						"0.8333": {
							"vector": [-22.85038, -37.62005, -13.51468]
						},
						"1.3333": {
							"vector": [-14.36277, -37.62005, -13.51468]
						}
					}
				},
				"lowerleftleg": {
					"rotation": {
						"0.0": {
							"vector": [67.5, 0, 0]
						},
						"0.25": {
							"vector": [30, 0, 0]
						},
						"0.4583": {
							"vector": [37.5, 0, 0]
						},
						"0.6667": {
							"vector": [47.5, 0, 0]
						},
						"0.8333": {
							"vector": [67.5, 0, 0]
						},
						"1.3333": {
							"vector": [67.5, 0, 0]
						}
					}
				}
			}
		},
		"walk": {
			"loop": true,
			"animation_length": 1.33333,
			"bones": {
				"bone": {
					"rotation": {
						"0.0": {
							"vector": [5.9502, -41.70738, -9.04107]
						},
						"0.75": {
							"vector": [9.9727, -40.73565, -13.34199]
						},
						"1.3333": {
							"vector": [5.9502, -41.70738, -9.04107]
						}
					},
					"position": {
						"0.0": {
							"vector": [0, 0, 0]
						},
						"0.375": {
							"vector": [0, 3.33, 0]
						},
						"0.75": {
							"vector": [0, 4, 0]
						},
						"1.0417": {
							"vector": [0, 2, 0]
						},
						"1.3333": {
							"vector": [0, 0, 0]
						}
					}
				},
				"head": {
					"rotation": {
						"0.0": {
							"vector": [9.92649, 44.11043, 6.37102]
						},
						"0.2917": {
							"vector": [2.8469, 44.11043, 6.37102]
						},
						"1.0833": {
							"vector": [-6.29766, 44.11043, 6.37102]
						},
						"1.3333": {
							"vector": [9.92649, 44.11043, 6.37102]
						}
					}
				},
				"cloth": {
					"rotation": {
						"0.0": {
							"vector": [0, 0, 2.5]
						},
						"0.375": {
							"vector": [0, 0, 5]
						},
						"0.5417": {
							"vector": [-10, 0, 5]
						},
						"0.7083": {
							"vector": [-22.01816, -4.75113, -6.57518]
						},
						"0.9167": {
							"vector": [-34.63327, -7.32641, -13.14115]
						},
						"1.3333": {
							"vector": [0, 0, 2.5]
						}
					}
				},
				"uppertorso": {
					"rotation": {
						"0.0": {
							"vector": [12.5, 0, -5]
						},
						"0.25": {
							"vector": [7.68, 0, -5]
						},
						"0.625": {
							"vector": [5.18, 0, -5]
						},
						"1.3333": {
							"vector": [12.5, 0, -5]
						}
					}
				},
				"leftarm": {
					"rotation": {
						"0.0": {
							"vector": [-7.5, 0, 0]
						},
						"0.25": {
							"vector": [12.5, 0, 0]
						},
						"0.5": {
							"vector": [2.5, 0, 0]
						},
						"0.9167": {
							"vector": [-2.5, 0, 0]
						},
						"1.3333": {
							"vector": [-7.5, 0, 0]
						}
					}
				},
				"lowerleftarm": {
					"rotation": {
						"0.0": {
							"vector": [180, 42.5, 180]
						},
						"0.25": {
							"vector": [175.43385, 42.30053, 173.23267]
						},
						"0.5833": {
							"vector": [186.82047, 42.05244, 190.12436]
						},
						"1.0417": {
							"vector": [191.11982, 41.28736, 196.58765]
						},
						"1.3333": {
							"vector": [180, 42.5, 180]
						}
					}
				},
				"hand": {
					"rotation": {
						"vector": [0, 0, 45]
					},
					"position": {
						"vector": [0, 4, 0]
					}
				},
				"thumb": {
					"rotation": {
						"vector": [101.59948, 9.57658, -39.02504]
					}
				},
				"rightarm": {
					"rotation": {
						"0.0": {
							"vector": [84.50616, -42.22954, -3.47981]
						},
						"0.2083": {
							"vector": [86.77687, -42.4196, -6.85163]
						},
						"0.4583": {
							"vector": [82.26292, -41.94143, -0.13342]
						},
						"1.0833": {
							"vector": [80.05766, -41.55712, 3.17789]
						},
						"1.3333": {
							"vector": [84.50616, -42.22954, -3.47981]
						}
					}
				},
				"lowerrightarm": {
					"rotation": {
						"0.0": {
							"vector": [0, 0, 5]
						},
						"0.25": {
							"vector": [0, -2.5, 5]
						},
						"0.5417": {
							"vector": [0.32652, 2.4786, 12.50706]
						},
						"1.125": {
							"vector": [0.32745, 4.97856, 12.52136]
						},
						"1.3333": {
							"vector": [0, 0, 5]
						}
					}
				},
				"hand2": {
					"rotation": {
						"vector": [0, 0, 90]
					}
				},
				"thumb2": {
					"rotation": {
						"vector": [140, 0, 0]
					}
				},
				"rightleg": {
					"rotation": {
						"0.0": {
							"vector": [-25, 60, 0]
						},
						"0.25": {
							"vector": [-12.57717, 60, 0]
						},
						"0.5417": {
							"vector": [-25.26474, 60, 0]
						},
						"0.7917": {
							"vector": [-35.86197, 60, 0]
						},
						"1.0417": {
							"vector": [-33.36197, 60, 0]
						},
						"1.3333": {
							"vector": [-25, 60, 0]
						}
					}
				},
				"lowerrightleg": {
					"rotation": {
						"0.0": {
							"vector": [47.5, 0, 0]
						},
						"0.25": {
							"vector": [27.5, 0, 0]
						},
						"0.5833": {
							"vector": [47.5, 0, 0]
						},
						"1.0833": {
							"vector": [65, 0, 0]
						},
						"1.3333": {
							"vector": [47.5, 0, 0]
						}
					}
				},
				"leftleg": {
					"rotation": {
						"0.0": {
							"vector": [-14.36277, -37.62005, -13.51468]
						},
						"0.1667": {
							"vector": [-0.37438, -37.62005, -13.51468]
						},
						"0.4167": {
							"vector": [-5.37438, -37.62005, -13.51468]
						},
						"0.625": {
							"vector": [-10.35038, -37.62005, -13.51468]
						},
						"0.8333": {
							"vector": [-22.85038, -37.62005, -13.51468]
						},
						"1.3333": {
							"vector": [-14.36277, -37.62005, -13.51468]
						}
					}
				},
				"lowerleftleg": {
					"rotation": {
						"0.0": {
							"vector": [67.5, 0, 0]
						},
						"0.25": {
							"vector": [30, 0, 0]
						},
						"0.4583": {
							"vector": [37.5, 0, 0]
						},
						"0.6667": {
							"vector": [47.5, 0, 0]
						},
						"0.8333": {
							"vector": [67.5, 0, 0]
						},
						"1.3333": {
							"vector": [67.5, 0, 0]
						}
					}
				}
			}
		},
		"run": {
			"loop": true,
			"animation_length": 1.33333,
			"bones": {
				"bone": {
					"rotation": {
						"0.0": {
							"vector": [5.9502, -41.70738, -9.04107]
						},
						"0.75": {
							"vector": [9.9727, -40.73565, -13.34199]
						},
						"1.3333": {
							"vector": [5.9502, -41.70738, -9.04107]
						}
					},
					"position": {
						"0.0": {
							"vector": [0, 0, 0]
						},
						"0.375": {
							"vector": [0, 3.33, 0]
						},
						"0.75": {
							"vector": [0, 4, 0]
						},
						"1.0417": {
							"vector": [0, 2, 0]
						},
						"1.3333": {
							"vector": [0, 0, 0]
						}
					}
				},
				"head": {
					"rotation": {
						"0.0": {
							"vector": [9.92649, 44.11043, 6.37102]
						},
						"0.2917": {
							"vector": [2.8469, 44.11043, 6.37102]
						},
						"1.0833": {
							"vector": [-6.29766, 44.11043, 6.37102]
						},
						"1.3333": {
							"vector": [9.92649, 44.11043, 6.37102]
						}
					}
				},
				"cloth": {
					"rotation": {
						"0.0": {
							"vector": [0, 0, 2.5]
						},
						"0.375": {
							"vector": [0, 0, 5]
						},
						"0.5417": {
							"vector": [-10, 0, 5]
						},
						"0.7083": {
							"vector": [-22.01816, -4.75113, -6.57518]
						},
						"0.9167": {
							"vector": [-34.63327, -7.32641, -13.14115]
						},
						"1.3333": {
							"vector": [0, 0, 2.5]
						}
					}
				},
				"uppertorso": {
					"rotation": {
						"0.0": {
							"vector": [12.5, 0, -5]
						},
						"0.25": {
							"vector": [7.68, 0, -5]
						},
						"0.625": {
							"vector": [5.18, 0, -5]
						},
						"1.3333": {
							"vector": [12.5, 0, -5]
						}
					}
				},
				"leftarm": {
					"rotation": {
						"0.0": {
							"vector": [-7.5, 0, 0]
						},
						"0.25": {
							"vector": [12.5, 0, 0]
						},
						"0.5": {
							"vector": [2.5, 0, 0]
						},
						"0.9167": {
							"vector": [-2.5, 0, 0]
						},
						"1.3333": {
							"vector": [-7.5, 0, 0]
						}
					}
				},
				"lowerleftarm": {
					"rotation": {
						"0.0": {
							"vector": [180, 42.5, 180]
						},
						"0.25": {
							"vector": [175.43385, 42.30053, 173.23267]
						},
						"0.5833": {
							"vector": [186.82047, 42.05244, 190.12436]
						},
						"1.0417": {
							"vector": [191.11982, 41.28736, 196.58765]
						},
						"1.3333": {
							"vector": [180, 42.5, 180]
						}
					}
				},
				"hand": {
					"rotation": {
						"vector": [0, 0, 45]
					},
					"position": {
						"vector": [0, 4, 0]
					}
				},
				"thumb": {
					"rotation": {
						"vector": [101.59948, 9.57658, -39.02504]
					}
				},
				"rightarm": {
					"rotation": {
						"0.0": {
							"vector": [84.50616, -42.22954, -3.47981]
						},
						"0.2083": {
							"vector": [86.77687, -42.4196, -6.85163]
						},
						"0.4583": {
							"vector": [82.26292, -41.94143, -0.13342]
						},
						"1.0833": {
							"vector": [80.05766, -41.55712, 3.17789]
						},
						"1.3333": {
							"vector": [84.50616, -42.22954, -3.47981]
						}
					}
				},
				"lowerrightarm": {
					"rotation": {
						"0.0": {
							"vector": [0, 0, 5]
						},
						"0.25": {
							"vector": [0, -2.5, 5]
						},
						"0.5417": {
							"vector": [0.32652, 2.4786, 12.50706]
						},
						"1.125": {
							"vector": [0.32745, 4.97856, 12.52136]
						},
						"1.3333": {
							"vector": [0, 0, 5]
						}
					}
				},
				"hand2": {
					"rotation": {
						"vector": [0, 0, 90]
					}
				},
				"thumb2": {
					"rotation": {
						"vector": [140, 0, 0]
					}
				},
				"rightleg": {
					"rotation": {
						"0.0": {
							"vector": [-25, 60, 0]
						},
						"0.25": {
							"vector": [-12.57717, 60, 0]
						},
						"0.5417": {
							"vector": [-25.26474, 60, 0]
						},
						"0.7917": {
							"vector": [-35.86197, 60, 0]
						},
						"1.0417": {
							"vector": [-33.36197, 60, 0]
						},
						"1.3333": {
							"vector": [-25, 60, 0]
						}
					}
				},
				"lowerrightleg": {
					"rotation": {
						"0.0": {
							"vector": [47.5, 0, 0]
						},
						"0.25": {
							"vector": [27.5, 0, 0]
						},
						"0.5833": {
							"vector": [47.5, 0, 0]
						},
						"1.0833": {
							"vector": [65, 0, 0]
						},
						"1.3333": {
							"vector": [47.5, 0, 0]
						}
					}
				},
				"leftleg": {
					"rotation": {
						"0.0": {
							"vector": [-14.36277, -37.62005, -13.51468]
						},
						"0.1667": {
							"vector": [-0.37438, -37.62005, -13.51468]
						},
						"0.4167": {
							"vector": [-5.37438, -37.62005, -13.51468]
						},
						"0.625": {
							"vector": [-10.35038, -37.62005, -13.51468]
						},
						"0.8333": {
							"vector": [-22.85038, -37.62005, -13.51468]
						},
						"1.3333": {
							"vector": [-14.36277, -37.62005, -13.51468]
						}
					}
				},
				"lowerleftleg": {
					"rotation": {
						"0.0": {
							"vector": [67.5, 0, 0]
						},
						"0.25": {
							"vector": [30, 0, 0]
						},
						"0.4583": {
							"vector": [37.5, 0, 0]
						},
						"0.6667": {
							"vector": [47.5, 0, 0]
						},
						"0.8333": {
							"vector": [67.5, 0, 0]
						},
						"1.3333": {
							"vector": [67.5, 0, 0]
						}
					}
				}
			}
		},
		"attack": {
			"animation_length": 0.79167,
			"bones": {
				"bone": {
					"rotation": {
						"0.0": {
							"vector": [-2.58807, 14.98539, -0.66963]
						},
						"0.1667": {
							"vector": [-16.80857, 26.48829, -7.6734]
						},
						"0.25": {
							"vector": [30.69, -18.51, -7.67]
						},
						"0.75": {
							"vector": [23.19, -11.01, -7.67]
						}
					}
				},
				"uppertorso": {
					"rotation": {
						"0.0": {
							"vector": [0, 0, 0]
						},
						"0.1667": {
							"vector": [0, 7.5, 0]
						},
						"0.3333": {
							"vector": [0, -65, 0]
						},
						"0.7917": {
							"vector": [0, -35, 0]
						}
					}
				},
				"leftarm": {
					"rotation": {
						"0.0": {
							"vector": [0, -35, 0]
						},
						"0.25": {
							"vector": [0, -70, 0]
						}
					}
				},
				"lowerleftarm": {
					"rotation": {
						"0.0": {
							"vector": [0, 57.5, 0]
						},
						"0.25": {
							"vector": [0, 132.5, 0]
						}
					}
				},
				"hand": {
					"rotation": {
						"0.0": {
							"vector": [0, 0, 40]
						},
						"0.25": {
							"vector": [0, 0, 105]
						}
					}
				},
				"thumb": {
					"rotation": {
						"0.0": {
							"vector": [22.5, 0, 0]
						},
						"0.25": {
							"vector": [82.5, 0, 0]
						}
					}
				},
				"rightarm": {
					"rotation": {
						"0.0": {
							"vector": [0, 12.5, 0]
						},
						"0.2083": {
							"vector": [0, 47.5, 0]
						},
						"0.25": {
							"vector": [-24.75948, -41.92831, 34.61432]
						},
						"0.4167": {
							"vector": [-33.00953, -55.11358, 45.53906]
						},
						"0.625": {
							"vector": [-52.70586, -55.11358, 45.53906]
						}
					}
				},
				"lowerrightarm": {
					"rotation": {
						"0.0": {
							"vector": [0, -115, 0]
						},
						"0.2083": {
							"vector": [0, -135, 0]
						},
						"0.25": {
							"vector": [0, 5, 0]
						},
						"0.4167": {
							"vector": [0, -22.5, 0]
						}
					}
				},
				"hand2": {
					"rotation": {
						"vector": [0, 0, -102.5]
					}
				},
				"thumb2": {
					"rotation": {
						"vector": [95, 0, 0]
					}
				},
				"head": {
					"rotation": {
						"0.0": {
							"vector": [0, -10, 0]
						},
						"0.1667": {
							"vector": [0, -30, 0]
						},
						"0.375": {
							"vector": [-20, 75, 0]
						},
						"0.7917": {
							"vector": [-6.07403, 33.21928, 16.03369]
						}
					}
				},
				"rightleg": {
					"rotation": {
						"vector": [-31.75685, -0.06862, 7.02021]
					}
				},
				"lowerrightleg": {
					"rotation": {
						"vector": [67.5, 0, 0]
					}
				},
				"leftleg": {
					"rotation": {
						"vector": [20, 0, 0]
					}
				},
				"lowerleftleg": {
					"rotation": {
						"vector": [45, 0, 0]
					}
				}
			}
		},
		"kong": {
			"animation_length": 1.91667,
			"bones": {
				"bone": {
					"rotation": {
						"0.0": {
							"vector": [0, -17.5, 0]
						},
						"1.0": {
							"vector": [0, -27.5, 0]
						},
						"1.0417": {
							"vector": [0, 32.5, 0]
						},
						"1.25": {
							"vector": [10, 40, 0]
						}
					}
				},
				"uppertorso": {
					"rotation": {
						"0.0": {
							"vector": [0, -47.5, 0]
						},
						"1.0": {
							"vector": [0, -52.5, 0]
						},
						"1.0417": {
							"vector": [0, -75, 0]
						},
						"1.125": {
							"vector": [0, 25, 0]
						},
						"1.75": {
							"vector": [7.6626, 27.47816, 0.3677]
						}
					}
				},
				"leftarm": {
					"rotation": {
						"0.0": {
							"vector": [0, 57.5, 0]
						},
						"1.0": {
							"vector": [0, 50, 0]
						},
						"1.125": {
							"vector": [-3.50385, 26.87596, -0.88832]
						},
						"1.75": {
							"vector": [-19.67008, 24.51102, -10.62289]
						}
					},
					"scale": {
						"0.0": {
							"vector": [1, 1, 1]
						},
						"1.0": {
							"vector": [1, 1, 1]
						},
						"1.125": {
							"vector": [1, 1, 1]
						}
					}
				},
				"lowerleftarm": {
					"rotation": {
						"0.0": {
							"vector": [0, 85, 0]
						},
						"1.0": {
							"vector": [0, 107.5, 0]
						},
						"1.125": {
							"vector": [0, 0, 0]
						}
					},
					"scale": {
						"0.0": {
							"vector": [1, 1, 1]
						},
						"1.0": {
							"vector": [0.6, 1.7, 1.5]
						},
						"1.125": {
							"vector": [1, 1, 1]
						}
					}
				},
				"hand": {
					"rotation": {
						"vector": [-1.20415, -2.17474, 92.78978]
					},
					"position": {
						"0.0": {
							"vector": [2, 5, 0]
						},
						"1.0": {
							"vector": [2, 3, 0]
						}
					},
					"scale": {
						"0.0": {
							"vector": [1, 1, 1]
						},
						"1.0": {
							"vector": [0.5, 1.5, 0.7]
						},
						"1.125": {
							"vector": [1, 1, 1]
						}
					}
				},
				"thumb": {
					"rotation": {
						"vector": [95.7912, -41.24172, -52.83998]
					}
				},
				"rightarm": {
					"rotation": {
						"0.0": {
							"vector": [0, 0, -12.5]
						},
						"1.0": {
							"vector": [-29.54836, 28.28858, -52.60469]
						}
					}
				},
				"lowerrightarm": {
					"rotation": {
						"0.0": {
							"vector": [0, -35, 0]
						},
						"1.0": {
							"vector": [0, -100, 0]
						}
					}
				},
				"hand2": {
					"rotation": {
						"0.0": {
							"vector": [0, 0, -37.5]
						},
						"1.0": {
							"vector": [0, 0, -30]
						}
					}
				},
				"thumb2": {
					"rotation": {
						"0.0": {
							"vector": [0, 0, 0]
						},
						"1.0": {
							"vector": [40, 0, 0]
						}
					}
				},
				"head": {
					"rotation": {
						"0.0": {
							"vector": [0, 50, 0]
						},
						"1.0": {
							"vector": [0, 57.5, 0]
						},
						"1.125": {
							"vector": [0, -45, 0]
						}
					}
				},
				"rightleg": {
					"rotation": {
						"0.0": {
							"vector": [0, 0, 0]
						},
						"1.0": {
							"vector": [-32.5, 0, 0]
						}
					}
				},
				"lowerrightleg": {
					"rotation": {
						"0.0": {
							"vector": [0, 0, 0]
						},
						"1.0": {
							"vector": [65, 0, 0]
						}
					}
				},
				"leftleg": {
					"rotation": {
						"0.0": {
							"vector": [0, 0, 0]
						},
						"1.0": {
							"vector": [-10, -27.5, 0]
						}
					}
				},
				"lowerleftleg": {
					"rotation": {
						"0.0": {
							"vector": [0, 0, 0]
						},
						"1.0": {
							"vector": [12.5, 0, 0]
						}
					}
				}
			}
		},
		"leo": {
			"animation_length": 1.33333,
			"bones": {
				"bone": {
					"rotation": {
						"0.0": {
							"vector": [0, 0, 0]
						},
						"1.125": {
							"vector": [40, 0, 0]
						}
					}
				},
				"uppertorso": {
					"rotation": {
						"0.0": {
							"vector": [12.5, 0, 0]
						},
						"1.0417": {
							"vector": [-2.5, 0, 0]
						},
						"1.125": {
							"vector": [17.5, 0, 0]
						},
						"1.3333": {
							"vector": [12.5, 0, 0]
						}
					}
				},
				"leftarm": {
					"rotation": {
						"0.0": {
							"vector": [0, 90, 0]
						},
						"1.125": {
							"vector": [-124.69646, 54.08349, -123.78403]
						},
						"1.3333": {
							"vector": [-131.87648, 59.98519, -132.3259]
						}
					},
					"position": {
						"0.0": {
							"vector": [0, 0, 0]
						},
						"1.0": {
							"vector": [3, 0, 10]
						},
						"1.125": {
							"vector": [3, 0, -3]
						}
					}
				},
				"lowerleftarm": {
					"scale": {
						"0.0": {
							"vector": [1, 1, 1]
						},
						"1.0": {
							"vector": [0.5, 1.8, 1.5]
						},
						"1.125": {
							"vector": [1, 1, 1]
						}
					}
				},
				"hand": {
					"rotation": {
						"0.0": {
							"vector": [0, 0, 0]
						},
						"1.0": {
							"vector": [0, 0, 92.5]
						},
						"1.125": {
							"vector": [0, 0, -82.5]
						}
					},
					"position": {
						"0.0": {
							"vector": [0, 0, 0]
						},
						"1.0": {
							"vector": [0, 1, 0]
						}
					},
					"scale": {
						"0.0": {
							"vector": [1, 1, 1]
						},
						"1.0": {
							"vector": [0.3, 2.5, 0.4]
						},
						"1.125": {
							"vector": [1, 1, 1]
						}
					}
				},
				"thumb": {
					"rotation": {
						"0.0": {
							"vector": [0, 0, 0]
						},
						"1.0": {
							"vector": [0, -90, 22.5]
						}
					}
				},
				"rightarm": {
					"rotation": {
						"0.0": {
							"vector": [0, -90, 0]
						},
						"1.125": {
							"vector": [-296.46191, -66.64973, 149.55328]
						},
						"1.3333": {
							"vector": [-299.32203, -68.86008, 152.64271]
						}
					},
					"position": {
						"0.0": {
							"vector": [0, 0, 0]
						},
						"1.0": {
							"vector": [-3, 0, 8]
						},
						"1.125": {
							"vector": [-3, 0, -3]
						}
					}
				},
				"lowerrightarm": {
					"scale": {
						"0.0": {
							"vector": [1, 1, 1]
						},
						"1.0": {
							"vector": [0.5, 1.8, 1.5]
						},
						"1.125": {
							"vector": [1, 1, 1]
						}
					}
				},
				"hand2": {
					"rotation": {
						"0.0": {
							"vector": [0, 0, 0]
						},
						"1.0": {
							"vector": [0, 0, -95]
						},
						"1.125": {
							"vector": [0, 0, 67.5]
						}
					},
					"position": {
						"0.0": {
							"vector": [0, 0, 0]
						},
						"1.0": {
							"vector": [0, 0, 0]
						}
					},
					"scale": {
						"0.0": {
							"vector": [1, 1, 1]
						},
						"1.0": {
							"vector": [0.3, 1.8, 0.4]
						},
						"1.125": {
							"vector": [1, 1, 1]
						}
					}
				},
				"thumb2": {
					"rotation": {
						"0.0": {
							"vector": [0, 0, 0]
						},
						"1.0": {
							"vector": [0, 90, -20]
						}
					}
				},
				"head": {
					"rotation": {
						"0.0": {
							"vector": [7.5, 0, 0]
						},
						"1.0417": {
							"vector": [20, 0, 0]
						},
						"1.125": {
							"vector": [-27.5, 0, 0]
						},
						"1.3333": {
							"vector": [-17.5, 0, 0]
						}
					}
				},
				"rightleg": {
					"rotation": {
						"0.0": {
							"vector": [0, 0, 0]
						},
						"1.0417": {
							"vector": [-47.5, 0, 0]
						}
					}
				},
				"lowerrightleg": {
					"rotation": {
						"0.0": {
							"vector": [0, 0, 0]
						},
						"1.0417": {
							"vector": [72.5, 0, 0]
						}
					}
				},
				"leftleg": {
					"rotation": {
						"0.0": {
							"vector": [0, 0, 0]
						},
						"1.0417": {
							"vector": [-10, 0, 0]
						}
					}
				},
				"lowerleftleg": {
					"rotation": {
						"0.0": {
							"vector": [0, 0, 0]
						},
						"1.0417": {
							"vector": [30, 0, 0]
						}
					}
				}
			}
		},
		"flight": {
			"animation_length": 1.66667,
			"bones": {
				"bone": {
					"rotation": {
						"vector": [90, 0, 0]
					}
				},
				"leftarm": {
					"rotation": {
						"vector": [-97.5, 0, 0]
					},
					"position": {
						"vector": [0, 0, 5]
					}
				},
				"hand": {
					"rotation": {
						"vector": [0, 0, -67.5]
					}
				},
				"rightarm": {
					"rotation": {
						"vector": [-92.5, 0, 0]
					},
					"position": {
						"vector": [0, 0, 5]
					}
				},
				"hand2": {
					"rotation": {
						"vector": [0, 0, 70]
					}
				},
				"head": {
					"rotation": {
						"vector": [-72.5, 0, 0]
					}
				},
				"lowerrightleg": {
					"scale": {
						"0.0": {
							"vector": [3.2, 0.3, 1.9]
						},
						"0.0417": {
							"vector": [1.3, 1.6, 1]
						},
						"0.3333": {
							"vector": [3.2, 0.3, 1.9]
						},
						"0.375": {
							"vector": [1.3, 1.6, 1]
						},
						"0.6667": {
							"vector": [3.2, 0.3, 1.9]
						},
						"0.7083": {
							"vector": [1.3, 1.6, 1]
						},
						"1.0": {
							"vector": [3.2, 0.3, 1.9]
						},
						"1.0417": {
							"vector": [1.3, 1.6, 1]
						},
						"1.3333": {
							"vector": [3.2, 0.3, 1.9]
						},
						"1.375": {
							"vector": [1.3, 1.6, 1]
						},
						"1.6667": {
							"vector": [3.2, 0.3, 1.9]
						}
					}
				},
				"lowerleftleg": {
					"scale": {
						"0.0": {
							"vector": [3.1, 0.3, 1.9]
						},
						"0.0417": {
							"vector": [1.3, 1.6, 0.8]
						},
						"0.3333": {
							"vector": [3.1, 0.3, 1.9]
						},
						"0.375": {
							"vector": [1.3, 1.6, 0.8]
						},
						"0.6667": {
							"vector": [3.1, 0.3, 1.9]
						},
						"0.7083": {
							"vector": [1.3, 1.6, 0.8]
						},
						"1.0": {
							"vector": [3.1, 0.3, 1.9]
						},
						"1.0417": {
							"vector": [1.3, 1.6, 0.8]
						},
						"1.3333": {
							"vector": [3.1, 0.3, 1.9]
						},
						"1.375": {
							"vector": [1.3, 1.6, 0.8]
						},
						"1.6667": {
							"vector": [3.1, 0.3, 1.9]
						}
					}
				}
			}
		},
		"culverin": {
			"animation_length": 1,
			"bones": {
				"bone": {
					"rotation": {
						"0.0": {
							"vector": [0, 17.5, 0]
						},
						"0.2917": {
							"vector": [0, 25, 0]
						},
						"0.375": {
							"vector": [48.733, -44.514, -9.46929]
						}
					}
				},
				"uppertorso": {
					"rotation": {
						"0.0": {
							"vector": [-7.5, 30, 0]
						},
						"0.2917": {
							"vector": [-7.70059, 32.47805, -0.38669]
						},
						"0.375": {
							"vector": [-4.42891, -35.06858, 2.20123]
						}
					}
				},
				"rightarm": {
					"rotation": {
						"0.0": {
							"vector": [0, -147.5, 0]
						},
						"0.375": {
							"vector": [-22.29795, -3.22394, 59.06063]
						},
						"0.5": {
							"vector": [-22.29795, -3.22394, 59.06063]
						}
					},
					"position": {
						"0.0": {
							"vector": [-6, 0, -8]
						},
						"0.375": {
							"vector": [-1, 3, -2]
						}
					},
					"scale": {
						"0.0": {
							"vector": [1, 1, 1]
						},
						"0.2917": {
							"vector": [0.4, 3.2, 2]
						},
						"0.375": {
							"vector": [1, 1, 1]
						},
						"0.5": {
							"vector": [10.7, 1, 1]
						}
					}
				},
				"lowerrightarm": {
					"rotation": {
						"0.0": {
							"vector": [0, 0, -5]
						},
						"0.5": {
							"vector": [0, 0, -87.5]
						}
					},
					"scale": {
						"0.0": {
							"vector": [1, 1, 1]
						},
						"0.2917": {
							"vector": [1, 0.7, 0.8]
						},
						"0.5": {
							"vector": [0.7706, 0.3824, 0.8]
						},
						"0.6667": {
							"vector": [8.5, 0.1, 0.8]
						}
					}
				},
				"hand2": {
					"rotation": {
						"0.0": {
							"vector": [0, 0, 0]
						},
						"0.6667": {
							"vector": [0, 0, 85]
						},
						"0.7917": {
							"vector": [0, 0, 85]
						}
					},
					"scale": {
						"0.0": {
							"vector": [1, 1, 1]
						},
						"0.2917": {
							"vector": [1, 0.9, 0.8]
						},
						"0.6667": {
							"vector": [0.2, 3.6, 0.3]
						},
						"0.7917": {
							"vector": [29.3, 0.3, 0.3]
						}
					}
				},
				"head": {
					"rotation": {
						"0.0": {
							"vector": [0, 0, 0]
						},
						"0.2917": {
							"vector": [0, -75, 0]
						},
						"0.375": {
							"vector": [0, 52.5, 0]
						}
					}
				}
			}
		},
		"kingkong": {
			"animation_length": 3,
			"bones": {
				"bone": {
					"rotation": {
						"0.0": {
							"vector": [-12.49123, 15.72036, 1.65787]
						},
						"2.0": {
							"vector": [-12.8512, 20.59876, 0.50394]
						},
						"2.0833": {
							"vector": [23.83916, -15.02129, -2.11446]
						}
					}
				},
				"uppertorso": {
					"rotation": {
						"0.0": {
							"vector": [22.79588, -28.02432, -11.17023]
						},
						"2.0": {
							"vector": [0.07031, -4.69776, -1.71394]
						},
						"2.0833": {
							"vector": [0.09858, -44.69772, -1.77752]
						}
					}
				},
				"leftarm": {
					"rotation": {
						"0.0": {
							"vector": [0, 0, 60]
						},
						"2.0": {
							"vector": [0, 7.5, 60]
						}
					},
					"position": {
						"vector": [6, 3, 0]
					}
				},
				"lowerleftarm": {
					"rotation": {
						"0.0": {
							"vector": [0.80561, 58.0688, -0.84176]
						},
						"2.0": {
							"vector": [175.61978, 84.41244, 174.11503]
						}
					}
				},
				"hand": {
					"rotation": {
						"vector": [0, 0, 65]
					}
				},
				"thumb": {
					"rotation": {
						"vector": [72.5, 0, 0]
					}
				},
				"rightarm": {
					"rotation": {
						"0.0": {
							"vector": [0, -72.5, 0]
						},
						"2.0": {
							"vector": [-143.64566, -71.09251, 169.28085]
						},
						"2.0833": {
							"vector": [-13.01069, -25.47696, 31.19129]
						},
						"2.75": {
							"vector": [-10.62315, -26.50173, 25.74635]
						}
					},
					"position": {
						"0.0": {
							"vector": [-2, 0, -6]
						},
						"2.0": {
							"vector": [-60, 0, 20]
						},
						"2.0833": {
							"vector": [-4, 0, -14]
						},
						"2.75": {
							"vector": [20, 0, 0]
						}
					},
					"scale": {
						"0.0": {
							"vector": [1, 1, 1]
						},
						"2.0": {
							"vector": [2.5, 12.4, 11.8]
						},
						"2.75": {
							"vector": [80.4, 12.4, 11.8]
						},
						"3.0": {
							"vector": [23.1, 3.1, 2.8]
						}
					}
				},
				"lowerrightarm": {
					"rotation": {
						"vector": [0, -7.5, 0]
					},
					"scale": {
						"0.0": {
							"vector": [1, 1, 1]
						},
						"2.0": {
							"vector": [0.8, 1, 0.7]
						}
					}
				},
				"hand2": {
					"rotation": {
						"vector": [0, 0, -2.5]
					}
				},
				"thumb2": {
					"rotation": {
						"0.0": {
							"vector": [27.5, 0, 0]
						},
						"2.0": {
							"vector": [155, 0, 0]
						}
					}
				},
				"head": {
					"rotation": {
						"0.0": {
							"vector": [0, 0, 0]
						},
						"2.0": {
							"vector": [15.50409, -14.47751, -3.96713]
						}
					}
				},
				"rightleg": {
					"rotation": {
						"vector": [-7.5, 0, 0]
					}
				},
				"leftleg": {
					"rotation": {
						"vector": [27.5, 0, 0]
					}
				}
			}
		}
	},
	"geckolib_format_version": 2
}