{
	"format_version": "1.12.0",
	"minecraft:geometry": [
		{
			"description": {
				"identifier": "geometry.g4luffy",
				"texture_width": 256,
				"texture_height": 256,
				"visible_bounds_width": 9,
				"visible_bounds_height": 4.5,
				"visible_bounds_offset": [0, 1.75, 0]
			},
			"bones": [
				{
					"name": "bone",
					"pivot": [0, 20, 0],
					"cubes": [
						{"origin": [-6.5, 20, -7], "size": [13, 6, 13], "uv": [68, 0]}
					]
				},
				{
					"name": "uppertorso",
					"parent": "bone",
					"pivot": [0, 26, 0],
					"cubes": [
						{"origin": [-12, 26, -10], "size": [24, 20, 20], "uv": [0, 0]}
					]
				},
				{
					"name": "leftarm",
					"parent": "uppertorso",
					"pivot": [11.75, 41.125, -2.25],
					"cubes": [
						{"origin": [12, 33, -7], "size": [17, 13, 14], "uv": [0, 40]}
					]
				},
				{
					"name": "lowerleftarm",
					"parent": "leftarm",
					"pivot": [29.16667, 41.66667, -3],
					"cubes": [
						{"origin": [29, 36, -6], "size": [17, 10, 12], "uv": [0, 68]}
					]
				},
				{
					"name": "hand",
					"parent": "lowerleftarm",
					"pivot": [45.5, 42, -0.5],
					"cubes": [
						{"origin": [46, 40, -6], "size": [13, 4, 12], "uv": [46, 80]}
					]
				},
				{
					"name": "thumb",
					"parent": "hand",
					"pivot": [48.5, 42, -6],
					"cubes": [
						{"origin": [46, 40, -12], "size": [5, 4, 6], "uv": [48, 40]}
					]
				},
				{
					"name": "rightarm",
					"parent": "uppertorso",
					"pivot": [-11.75, 41.125, -2.25],
					"cubes": [
						{"origin": [-29, 33, -7], "size": [17, 13, 14], "uv": [48, 53]}
					]
				},
				{
					"name": "lowerrightarm",
					"parent": "rightarm",
					"pivot": [-29.16667, 41.66667, -3],
					"cubes": [
						{"origin": [-46, 36, -6], "size": [17, 10, 12], "uv": [76, 28]}
					]
				},
				{
					"name": "hand2",
					"parent": "lowerrightarm",
					"pivot": [-46.5, 42, -0.5],
					"cubes": [
						{"origin": [-59, 40, -6], "size": [13, 4, 12], "uv": [84, 84]}
					]
				},
				{
					"name": "thumb2",
					"parent": "hand2",
					"pivot": [-48.5, 42, -6],
					"cubes": [
						{"origin": [-51, 40, -12], "size": [5, 4, 6], "uv": [100, 100]}
					]
				},
				{
					"name": "head",
					"parent": "uppertorso",
					"pivot": [0, 46, 0],
					"cubes": [
						{"origin": [-4.5, 45.5, -4.5], "size": [9, 9, 9], "uv": [0, 90]},
						{"origin": [-4, 46, -4], "size": [8, 8, 8], "uv": [96, 50]},
						{"origin": [-2.5, 48.5, -4.1], "size": [1, 1, 0], "uv": [145, 48]},
						{"origin": [1.5, 48.5, -4.1], "size": [1, 1, 0], "uv": [145, 48]}
					]
				},
				{
					"name": "cloth",
					"parent": "bone",
					"pivot": [4.5, 24, -7.1],
					"cubes": [
						{"origin": [1, 11, -7.1], "size": [7, 14, 0], "uv": [0, 108]}
					]
				},
				{
					"name": "rightleg",
					"parent": "bone",
					"pivot": [-5, 20.33333, -0.5],
					"cubes": [
						{"origin": [-8.5, 12, -5], "size": [7, 10, 9], "uv": [36, 96]}
					]
				},
				{
					"name": "lowerrightleg",
					"parent": "rightleg",
					"pivot": [-5, 12, -0.5],
					"cubes": [
						{"origin": [-6.5, 2, -2], "size": [3, 10, 4], "uv": [0, 40]},
						{"origin": [-6.5, 0, -4], "size": [3, 2, 6], "uv": [88, 19]}
					]
				},
				{
					"name": "leftleg",
					"parent": "bone",
					"pivot": [5, 21.33333, -0.5],
					"cubes": [
						{"origin": [1.5, 12, -5], "size": [7, 10, 9], "uv": [68, 100]}
					]
				},
				{
					"name": "lowerleftleg",
					"parent": "leftleg",
					"pivot": [5, 12, -0.5],
					"cubes": [
						{"origin": [3.5, 2, -2], "size": [3, 10, 4], "uv": [0, 0]},
						{"origin": [3.5, 0, -4], "size": [3, 2, 6], "uv": [64, 44]}
					]
				}
			]
		}
	]
}