{
	"format_version": "1.12.0",
	"minecraft:geometry": [
		{
			"description": {
				"identifier": "geometry.luffy",
				"texture_width": 128,
				"texture_height": 128,
				"visible_bounds_width": 3,
				"visible_bounds_height": 3.5,
				"visible_bounds_offset": [0, 1.25, 0]
			},
			"bones": [
				{
					"name": "bone",
					"pivot": [0, 12, 0],
					"rotation": [0, 180, 0]
				},
				{
					"name": "Head",
					"parent": "bone",
					"pivot": [0, 24, 0],
					"cubes": [
						{"origin": [-4, 24, -4], "size": [8, 9, 8], "uv": [24, 25]},
						{"origin": [-2, 25, 5], "size": [4, 1, 0], "uv": [77, 28]},
						{"origin": [-8, 30, -8], "size": [16, 0, 16], "uv": [0, 0]},
						{"origin": [-4, 24, -4], "size": [8, 9, 8], "inflate": 0.5, "uv": [0, 16]}
					]
				},
				{
					"name": "bone3",
					"parent": "Head",
					"pivot": [-1.5, 27, 4.1],
					"cubes": [
						{"origin": [-2, 26, 4.1], "size": [1, 2, 0], "uv": [72, 37]}
					]
				},
				{
					"name": "bone2",
					"parent": "Head",
					"pivot": [1.5, 27, 4.1],
					"cubes": [
						{"origin": [1, 26, 4.1], "size": [1, 2, 0], "uv": [72, 37]}
					]
				},
				{
					"name": "lid",
					"parent": "Head",
					"pivot": [1.5, 27, 5.1],
					"cubes": [
						{"origin": [-3, 26, 3.2], "size": [6, 2, 0], "uv": [73, 32]}
					]
				},
				{
					"name": "Body",
					"parent": "bone",
					"pivot": [0, 24, 0],
					"cubes": [
						{"origin": [-4, 12, -2], "size": [8, 12, 4], "uv": [24, 42]},
						{"origin": [-4, 12, -2], "size": [8, 12, 4], "inflate": 0.25, "uv": [0, 33]}
					]
				},
				{
					"name": "RightArm",
					"parent": "bone",
					"pivot": [-5, 22, 0],
					"cubes": [
						{"origin": [-8, 12, -2], "size": [4, 12, 4], "uv": [48, 58]},
						{"origin": [-8, 12, -2], "size": [4, 12, 4], "inflate": 0.25, "uv": [32, 58]}
					]
				},
				{
					"name": "RightLeg",
					"parent": "bone",
					"pivot": [-1.9, 12, 0],
					"cubes": [
						{"origin": [-3.9, 0, -2], "size": [4, 12, 4], "uv": [48, 42]},
						{"origin": [-3.9, 0, -2], "size": [4, 12, 4], "inflate": 0.25, "uv": [48, 16]}
					]
				},
				{
					"name": "LeftLeg",
					"parent": "bone",
					"pivot": [1.9, 12, 0],
					"cubes": [
						{"origin": [-0.1, 0, -2], "size": [4, 12, 4], "uv": [48, 0]},
						{"origin": [-0.1, 0, -2], "size": [4, 12, 4], "inflate": 0.25, "uv": [0, 0]}
					]
				},
				{
					"name": "bone4",
					"parent": "bone",
					"pivot": [6, 22, 0]
				},
				{
					"name": "LeftArm",
					"parent": "bone4",
					"pivot": [5, 22, 0],
					"cubes": [
						{"origin": [4, 12, -2], "size": [4, 12, 4], "uv": [16, 58]},
						{"origin": [4, 12, -2], "size": [4, 12, 4], "inflate": 0.25, "uv": [0, 49]}
					]
				}
			]
		}
	]
}