{
	"format_version": "1.8.0",
	"animations": {
		"idle": {
			"loop": true,
			"animation_length": 2,
			"bones": {
				"Head": {
					"rotation": {
						"0.0": {
							"vector": [0, -10, 0]
						},
						"0.4583": {
							"vector": [4.97636, -10, 0]
						},
						"1.5": {
							"vector": [-2.52364, -10, 0]
						},
						"2.0": {
							"vector": [0, -10, 0]
						}
					}
				},
				"RightArm": {
					"rotation": {
						"0.0": {
							"vector": [135.10922, 3.53329, 3.54002]
						},
						"2.0": {
							"vector": [135.10922, 3.53329, 3.54002]
						}
					},
					"position": {
						"0.0": {
							"vector": [0, -4, 4]
						},
						"2.0": {
							"vector": [0, -4, 4]
						}
					}
				},
				"LeftArm": {
					"rotation": {
						"0.0": {
							"vector": [128.16584, -9.88744, -7.68615]
						},
						"2.0": {
							"vector": [128.16584, -9.88744, -7.68615]
						}
					},
					"position": {
						"0.0": {
							"vector": [0, -6, 0]
						},
						"2.0": {
							"vector": [0, -6, 0]
						}
					}
				},
				"RightLeg": {
					"rotation": {
						"0.0": {
							"vector": [7.5, -10, 0]
						},
						"2.0": {
							"vector": [7.5, -10, 0]
						}
					},
					"position": {
						"0.0": {
							"vector": [-1, 2, 2]
						},
						"1.0": {
							"vector": [-1, 3, 2]
						},
						"2.0": {
							"vector": [-1, 2, 2]
						}
					}
				},
				"LeftLeg": {
					"rotation": {
						"vector": [-17.5, 0, 0]
					},
					"position": {
						"0.0": {
							"vector": [1, 1, 2]
						},
						"1.0": {
							"vector": [1, 2, 2]
						},
						"2.0": {
							"vector": [1, 1, 2]
						}
					}
				},
				"bone": {
					"rotation": {
						"0.0": {
							"vector": [175, 162.5, -180]
						},
						"2.0": {
							"vector": [175, 162.5, -180]
						}
					},
					"position": {
						"0.0": {
							"vector": [0, -2, 0]
						},
						"1.0": {
							"vector": [0, -3, 0]
						},
						"2.0": {
							"vector": [0, -2, 0]
						}
					}
				},
				"lid": {
					"position": {
						"0.0": {
							"vector": [0, 0, 0]
						},
						"1.4167": {
							"vector": [0, 0, 0]
						},
						"1.4583": {
							"vector": [0, 0, 1]
						},
						"1.5417": {
							"vector": [0, 0, 1]
						},
						"1.5833": {
							"vector": [0, 0, 0]
						}
					}
				}
			}
		},
		"wave": {
			"animation_length": 1,
			"bones": {
				"Head": {
					"rotation": {
						"0.0": {
							"vector": [0.70526, 3.13173, 8.24009]
						},
						"0.3333": {
							"vector": [-0.27009, 3.19871, -9.28673]
						},
						"0.8333": {
							"vector": [0.13495, 3.20673, -2.04705]
						}
					}
				},
				"LeftArm": {
					"rotation": {
						"0.0": {
							"vector": [12.1395, 18.576, -5.87729]
						},
						"0.2917": {
							"vector": [163.26366, 5.188, 11.73634]
						},
						"0.5": {
							"vector": [165.51826, 9.93191, 28.73499]
						},
						"0.7083": {
							"vector": [163.75926, 6.60796, 16.55613]
						},
						"1.0": {
							"vector": [0.60078, 7.57467, -8.6212]
						}
					}
				},
				"RightLeg": {
					"rotation": {
						"0.0": {
							"vector": [0, 0, 5]
						},
						"0.4167": {
							"vector": [0, 0, 6.49]
						},
						"1.0": {
							"vector": [0, 0, 2.5]
						}
					}
				},
				"bone": {
					"rotation": {
						"0.0": {
							"vector": [177.72478, -177.29385, 184.89169]
						},
						"0.625": {
							"vector": [177.84499, -177.1972, 187.39272]
						},
						"1.0": {
							"vector": [177.60892, -177.39564, 182.39108]
						}
					}
				},
				"lid": {
					"position": {
						"0.0": {
							"vector": [0, 0, 0]
						},
						"0.25": {
							"vector": [0, 0, 0]
						},
						"0.3333": {
							"vector": [0, 0, 1]
						},
						"0.4167": {
							"vector": [0, 0, 1]
						},
						"0.5": {
							"vector": [0, 0, 0]
						}
					}
				}
			}
		},
		"run": {
			"loop": true,
			"animation_length": 0.5,
			"bones": {
				"Head": {
					"rotation": {
						"0.0": {
							"vector": [25, 0, 0]
						},
						"0.0417": {
							"vector": [27.5, 0, 0]
						},
						"0.125": {
							"vector": [30, 0, 0]
						},
						"0.25": {
							"vector": [22.5, 0, 0]
						},
						"0.375": {
							"vector": [25, 0, 0]
						},
						"0.4583": {
							"vector": [20, 0, 0]
						},
						"0.5": {
							"vector": [25, 0, 0]
						}
					}
				},
				"RightArm": {
					"rotation": {
						"0.0": {
							"vector": [-27.5, 0, 0]
						},
						"0.25": {
							"vector": [60, 0, 0]
						},
						"0.375": {
							"vector": [63.75, 0, 0]
						},
						"0.5": {
							"vector": [-27.5, 0, 0]
						}
					},
					"position": {
						"0.0": {
							"vector": [0, 0, -1]
						},
						"0.25": {
							"vector": [0, 0, 0]
						},
						"0.375": {
							"vector": [0, -3, -2]
						},
						"0.5": {
							"vector": [0, 0, -1]
						}
					}
				},
				"LeftArm": {
					"rotation": {
						"0.0": {
							"vector": [50, 0, 0]
						},
						"0.125": {
							"vector": [61.25, 0, 0]
						},
						"0.25": {
							"vector": [-32.5, 0, 0]
						},
						"0.5": {
							"vector": [50, 0, 0]
						}
					},
					"position": {
						"0.0": {
							"vector": [0, -1, 1]
						},
						"0.125": {
							"vector": [0, -4, -2]
						},
						"0.25": {
							"vector": [0, -1, -3]
						},
						"0.5": {
							"vector": [0, -1, 1]
						}
					}
				},
				"RightLeg": {
					"rotation": {
						"0.0": {
							"vector": [70, 0, 0]
						},
						"0.25": {
							"vector": [-32.5, 0, 0]
						},
						"0.2917": {
							"vector": [-43.75, 0, 0]
						},
						"0.375": {
							"vector": [-28.75, 0, 0]
						},
						"0.5": {
							"vector": [70, 0, 0]
						}
					},
					"position": {
						"0.0": {
							"vector": [0, 0, 2]
						},
						"0.25": {
							"vector": [0, -2, -2]
						},
						"0.375": {
							"vector": [0, 3, 4]
						},
						"0.5": {
							"vector": [0, 0, 1]
						}
					}
				},
				"LeftLeg": {
					"rotation": {
						"0.0": {
							"vector": [-32.5, 0, 0]
						},
						"0.125": {
							"vector": [-40, 0, 0]
						},
						"0.25": {
							"vector": [72.5, 0, 0]
						},
						"0.5": {
							"vector": [-32.5, 0, 0]
						}
					},
					"position": {
						"0.0": {
							"vector": [0, -2, -1]
						},
						"0.125": {
							"vector": [0, 2, 5]
						},
						"0.25": {
							"vector": [0, 0, 3]
						},
						"0.5": {
							"vector": [0, -2, -1]
						}
					}
				},
				"bone": {
					"rotation": {
						"vector": [-35, 0, 0]
					},
					"position": {
						"0.0": {
							"vector": [0, 1, 0]
						},
						"0.125": {
							"vector": [0, 0, 0]
						},
						"0.25": {
							"vector": [0, 1, 0]
						},
						"0.375": {
							"vector": [0, 0, 0]
						},
						"0.5": {
							"vector": [0, 1, 0]
						}
					}
				}
			}
		},
		"pistol": {
			"animation_length": 0.75,
			"bones": {
				"Head": {
					"rotation": {
						"0.0": {
							"vector": [0, -20, 0]
						},
						"0.1667": {
							"vector": [0, -47.5, 0]
						},
						"0.3333": {
							"vector": [-27.5, -47.5, 0]
						},
						"0.5417": {
							"vector": [-32.48, -47.5, 0]
						},
						"0.7083": {
							"vector": [-8.9947, -22.94898, -3.97025]
						}
					}
				},
				"RightArm": {
					"rotation": {
						"vector": [47.5, 0, 17.5]
					}
				},
				"LeftArm": {
					"rotation": {
						"0.0": {
							"vector": [115, 0, 0]
						},
						"0.0833": {
							"vector": [120.44565, 33.48545, 17.96717]
						},
						"0.1667": {
							"vector": [131.29757, 39.47129, 23.59459]
						}
					},
					"position": {
						"0.0": {
							"vector": [0, -5, -4]
						},
						"0.0833": {
							"vector": [0, -4, -4]
						},
						"0.1667": {
							"vector": [13.68421, 8.19408, 10.35433]
						},
						"0.2083": {
							"vector": [0.78414, 0.62775, -0.53848]
						},
						"0.25": {
							"vector": [17.25404, 10.24072, 13.1821]
						},
						"0.5": {
							"vector": [7.34385, 4.93339, 6.64485]
						},
						"0.5833": {
							"vector": [0.35492, -1.35497, -3.24472]
						}
					},
					"scale": {
						"0.0833": {
							"vector": [1, 1, 1]
						},
						"0.1667": {
							"vector": [1, 10, 1]
						},
						"0.2083": {
							"vector": [3.2, 1.05, 2.4]
						},
						"0.25": {
							"vector": [1, 13.1, 1]
						},
						"0.5": {
							"vector": [1, 6.7, 1]
						},
						"0.5833": {
							"vector": [1, 1, 1]
						}
					}
				},
				"RightLeg": {
					"rotation": {
						"0.0": {
							"vector": [26.94093, -5.73576, 11.12501]
						},
						"0.5": {
							"vector": [39.44093, -5.73576, 11.12501]
						},
						"0.5417": {
							"vector": [11.94093, -5.73576, 11.12501]
						},
						"0.75": {
							"vector": [-5.55907, -5.73576, 11.12501]
						}
					},
					"position": {
						"vector": [-1, 0, 0]
					}
				},
				"LeftLeg": {
					"rotation": {
						"vector": [-7.38733, -1.29876, -9.91615]
					}
				},
				"bone": {
					"rotation": {
						"0.0": {
							"vector": [170, 127.5, -180]
						},
						"0.1667": {
							"vector": [145.67618, 223.62032, -180.44423]
						},
						"0.5": {
							"vector": [140.92305, 229.64184, -186.97036]
						},
						"0.5833": {
							"vector": [183.50875, 146.23493, -179.36748]
						},
						"0.75": {
							"vector": [182.95114, 171.19674, -177.86771]
						}
					}
				}
			}
		},
		"bazooka": {
			"animation_length": 1.0417,
			"bones": {
				"Head": {
					"rotation": {
						"0.0": {
							"vector": [-17.5, 0, 0]
						},
						"0.0833": {
							"vector": [-57.5, 0, 0]
						},
						"0.1667": {
							"vector": [-31.33, 0, 0]
						},
						"0.3333": {
							"vector": [12.5, 0, 0]
						},
						"0.5417": {
							"vector": [-27.5, 0, 0]
						},
						"0.7083": {
							"vector": [-25, 0, 0]
						},
						"0.875": {
							"vector": [-37.1, 0, 0]
						}
					}
				},
				"RightArm": {
					"rotation": {
						"0.0": {
							"vector": [95, 0, 0]
						},
						"0.0417": {
							"vector": [-23.75, 0, 0]
						},
						"0.0833": {
							"vector": [-123.75, 0, 0]
						},
						"0.375": {
							"vector": [-121.25, 0, 0]
						},
						"0.4167": {
							"vector": [-273.75, 0, 0]
						},
						"0.4583": {
							"vector": [-223.75, 0, 0]
						},
						"0.7083": {
							"vector": [-218.75, 0, 0]
						}
					},
					"position": {
						"0.0": {
							"vector": [0, -4, 0]
						},
						"0.0833": {
							"vector": [0, 6, -7]
						},
						"0.3333": {
							"vector": [0, 3.64, -8.64]
						},
						"0.4167": {
							"vector": [0, -3, 2]
						},
						"0.4583": {
							"vector": [0, 13, 14]
						},
						"0.7083": {
							"vector": [0.83, 17.17, 15.83]
						},
						"0.7917": {
							"vector": [1, -6, -3]
						}
					},
					"scale": {
						"0.0417": {
							"vector": [1, 1, 1]
						},
						"0.0833": {
							"vector": [1, 5, 1]
						},
						"0.3333": {
							"vector": [1, 5.7, 1]
						},
						"0.375": {
							"vector": [1.9, 0.35, 1.85]
						},
						"0.4167": {
							"vector": [2.8, 0.8, 2.7]
						},
						"0.4583": {
							"vector": [1, 10, 1]
						},
						"0.7083": {
							"vector": [1, 12.2, 1]
						},
						"0.7917": {
							"vector": [1, 1, 1]
						}
					}
				},
				"LeftArm": {
					"rotation": {
						"0.0": {
							"vector": [92.5, 0, 0]
						},
						"0.0833": {
							"vector": [-125, 0, 0]
						},
						"0.375": {
							"vector": [-122.5, 0, 0]
						},
						"0.4167": {
							"vector": [-270, 0, 0]
						},
						"0.4583": {
							"vector": [-225, 0, 0]
						},
						"0.7083": {
							"vector": [-220, 0, 0]
						}
					},
					"position": {
						"0.0": {
							"vector": [0, -4, 0]
						},
						"0.0833": {
							"vector": [0, 4, -6]
						},
						"0.3333": {
							"vector": [0, 4.27, -8.64]
						},
						"0.4167": {
							"vector": [0, -3, 3]
						},
						"0.4583": {
							"vector": [0, 13, 13]
						},
						"0.7083": {
							"vector": [0, 17.17, 14.67]
						},
						"0.7917": {
							"vector": [0, -6, -3]
						}
					},
					"scale": {
						"0.0417": {
							"vector": [1, 1, 1]
						},
						"0.0833": {
							"vector": [1, 5, 1]
						},
						"0.3333": {
							"vector": [1, 5.4, 1]
						},
						"0.375": {
							"vector": [2.15, 0.2, 1.95]
						},
						"0.4167": {
							"vector": [3.3, 1, 2.9]
						},
						"0.4583": {
							"vector": [1, 10, 1]
						},
						"0.7083": {
							"vector": [1, 11.4, 1]
						},
						"0.7917": {
							"vector": [1, 1, 1]
						}
					}
				},
				"RightLeg": {
					"rotation": {
						"0.0": {
							"vector": [-20, 0, 0]
						},
						"0.1667": {
							"vector": [-60, 0, 0]
						},
						"0.5833": {
							"vector": [-75, 0, 0]
						},
						"0.75": {
							"vector": [12.5, 0, 0]
						},
						"0.875": {
							"vector": [-17.5, 0, 0]
						}
					}
				},
				"LeftLeg": {
					"rotation": {
						"0.0": {
							"vector": [50, 0, 0]
						},
						"0.1667": {
							"vector": [105, 0, 0]
						},
						"0.5833": {
							"vector": [40, 0, 0]
						},
						"0.75": {
							"vector": [42.5, 0, 0]
						},
						"0.875": {
							"vector": [-5, 0, 0]
						}
					}
				},
				"bone": {
					"rotation": {
						"0.0": {
							"vector": [-25, 0, 0]
						},
						"0.0833": {
							"vector": [30.42, 0, 0]
						},
						"0.375": {
							"vector": [37.5, 0, 0]
						},
						"0.4583": {
							"vector": [-47.5, 0, 0]
						},
						"0.75": {
							"vector": [-52.5, 0, 0]
						},
						"0.7917": {
							"vector": [10, 0, 0]
						},
						"1.0417": {
							"vector": [2.5, 0, 0]
						}
					}
				}
			}
		},
		"gatling": {
			"animation_length": 4.5,
			"bones": {
				"Head": {
					"rotation": {
						"0.0": {
							"vector": [-32.5, 0, 0]
						},
						"4.5": {
							"vector": [-35, 0, 0]
						}
					}
				},
				"RightArm": {
					"scale": {
						"vector": [0, 0, 1]
					}
				},
				"LeftArm": {
					"scale": {
						"vector": [0, 0, 1]
					}
				},
				"RightLeg": {
					"rotation": {
						"0.0": {
							"vector": [5, 0, 0]
						},
						"4.5": {
							"vector": [7.5, 0, 0]
						}
					},
					"position": {
						"vector": [0, 0, 3]
					}
				},
				"LeftLeg": {
					"rotation": {
						"0.0": {
							"vector": [55, 0, 0]
						},
						"4.5": {
							"vector": [57.5, 0, 0]
						}
					},
					"position": {
						"vector": [0, 2, 2]
					}
				},
				"bone": {
					"rotation": {
						"0.0": {
							"vector": [-52.5, 0, 0]
						},
						"3.0": {
							"vector": [-55, 0, 0]
						}
					}
				},
				"lid": {
					"position": {
						"0.0": {
							"vector": [0, 0, 0]
						},
						"0.25": {
							"vector": [0, 0, 1]
						}
					}
				}
			}
		},
		"walk": {
			"loop": true,
			"animation_length": 1,
			"bones": {
				"bone": {
					"rotation": {
						"0.0": {
							"vector": [0, 5, 0]
						},
						"0.5": {
							"vector": [0, -5, 0]
						},
						"1.0": {
							"vector": [0, 5, 0]
						}
					}
				},
				"Head": {
					"rotation": {
						"0.0": {
							"vector": [0, -5, 0]
						},
						"0.25": {
							"vector": [-2.5, 0, 0]
						},
						"0.5": {
							"vector": [0, 5, 0]
						},
						"0.75": {
							"vector": [-2.5, 0, 0]
						},
						"1.0": {
							"vector": [0, -5, 0]
						}
					}
				},
				"RightArm": {
					"rotation": {
						"0.0": {
							"vector": [-20, 0, 0]
						},
						"0.5": {
							"vector": [22.5, 0, 0]
						},
						"1.0": {
							"vector": [-20, 0, 0]
						}
					}
				},
				"LeftArm": {
					"rotation": {
						"0.0": {
							"vector": [22.5, 0, 0]
						},
						"0.5": {
							"vector": [-30, 0, 0]
						},
						"1.0": {
							"vector": [22.5, 0, 0]
						}
					}
				},
				"RightLeg": {
					"rotation": {
						"0.0": {
							"vector": [27.5, 0, 0]
						},
						"0.5": {
							"vector": [-27.5, 0, 0]
						},
						"1.0": {
							"vector": [27.5, 0, 0]
						}
					},
					"position": {
						"0.0": {
							"vector": [0, 0, 0]
						},
						"0.5": {
							"vector": [0, 0, 0]
						},
						"0.75": {
							"vector": [0, 4, 3]
						},
						"1.0": {
							"vector": [0, 0, 0]
						}
					}
				},
				"LeftLeg": {
					"rotation": {
						"0.0": {
							"vector": [-27.5, 0, 0]
						},
						"0.5": {
							"vector": [30, 0, 0]
						},
						"1.0": {
							"vector": [-27.5, 0, 0]
						}
					},
					"position": {
						"0.0": {
							"vector": [0, 0, 0]
						},
						"0.25": {
							"vector": [0, 3, 3]
						},
						"0.5": {
							"vector": [0, 0, 0]
						}
					}
				}
			}
		},
		"attack": {
			"animation_length": 0.5,
			"bones": {
				"bone": {
					"rotation": {
						"0.0": {
							"vector": [-175, 152.5, -180]
						},
						"0.0833": {
							"vector": [-222.13901, 228.73414, -200.6929]
						},
						"0.25": {
							"vector": [-222.13901, 228.73414, -200.6929]
						},
						"0.2917": {
							"vector": [-186.06533, 186.48037, -179.07497]
						},
						"0.5": {
							"vector": [-194.34442, 244.72977, -186.89162]
						}
					}
				},
				"Head": {
					"rotation": {
						"0.0": {
							"vector": [0, -20, 0]
						},
						"0.0833": {
							"vector": [10, 57.5, 0]
						},
						"0.25": {
							"vector": [10, 57.5, 0]
						},
						"0.2917": {
							"vector": [5.53119, -14.53871, -9.85119]
						},
						"0.5": {
							"vector": [-5, 57.5, 0]
						}
					}
				},
				"RightArm": {
					"rotation": {
						"0.0": {
							"vector": [40, 0, 0]
						},
						"0.0833": {
							"vector": [142.3671, -12.32509, -17.87833]
						},
						"0.25": {
							"vector": [142.3671, -12.32509, -17.87833]
						},
						"0.3333": {
							"vector": [74.8671, -12.32509, -17.87833]
						},
						"0.5": {
							"vector": [5.28068, -20.54628, 23.05342]
						}
					},
					"position": {
						"0.0": {
							"vector": [0, 0, 0]
						},
						"0.0833": {
							"vector": [0, -4, 0]
						},
						"0.25": {
							"vector": [0, -4, 0]
						},
						"0.3333": {
							"vector": [0, -1, 0]
						}
					}
				},
				"LeftArm": {
					"rotation": {
						"0.0": {
							"vector": [86.30232, 47.44052, -2.72535]
						},
						"0.0833": {
							"vector": [111.30232, 47.44052, -2.72535]
						},
						"0.1667": {
							"vector": [116.30114, 51.97174, 0.54784]
						},
						"0.25": {
							"vector": [116.30114, 51.97174, 0.54784]
						},
						"0.2917": {
							"vector": [142.58733, 69.89977, 30.11202]
						}
					},
					"position": {
						"0.0": {
							"vector": [-2, 0, -6]
						},
						"0.0833": {
							"vector": [2, 2, 2]
						},
						"0.1667": {
							"vector": [3.4, 2.8, 2.2]
						},
						"0.2917": {
							"vector": [0, -2, -4]
						}
					},
					"scale": {
						"0.0": {
							"vector": [1, 1, 1]
						},
						"0.0833": {
							"vector": [1, 0.4, 1]
						},
						"0.1667": {
							"vector": [1, 3.15, 1]
						},
						"0.25": {
							"vector": [1, 0.5, 1]
						},
						"0.2917": {
							"vector": [2, 0.3, 2.2]
						},
						"0.3333": {
							"vector": [1, 1, 1]
						}
					}
				},
				"RightLeg": {
					"rotation": {
						"vector": [-15, 0, 0]
					}
				},
				"LeftLeg": {
					"rotation": {
						"vector": [22.5, 0, 0]
					}
				}
			}
		},
		"rocket": {
			"animation_length": 1.0417,
			"bones": {
				"bone": {
					"rotation": {
						"0.0": {
							"vector": [2.5, 0, 0]
						},
						"0.0833": {
							"vector": [-57.5, 0, 0]
						},
						"0.5": {
							"vector": [-60, 0, 0]
						},
						"0.5417": {
							"vector": [17.5, 0, 0]
						},
						"1.0417": {
							"vector": [2.5, 0, 0]
						}
					},
					"position": {
						"0.0": {
							"vector": [0, 0, 0]
						},
						"0.0833": {
							"vector": [0, -2, -4]
						},
						"0.5": {
							"vector": [0, -3, -5]
						},
						"0.5417": {
							"vector": [0, 2, -5]
						},
						"1.0417": {
							"vector": [0, 2, -2]
						}
					}
				},
				"Head": {
					"rotation": {
						"0.0": {
							"vector": [0, 0, 0]
						},
						"1.0417": {
							"vector": [-25, 0, 0]
						}
					}
				},
				"RightArm": {
					"rotation": {
						"0.0": {
							"vector": [117.5, 0, 0]
						},
						"0.0833": {
							"vector": [150.5, 0, 0]
						},
						"0.2083": {
							"vector": [150, 0, 0]
						},
						"0.5": {
							"vector": [150, 0, 0]
						},
						"0.5417": {
							"vector": [93.53329, -44.94549, -2.49762]
						},
						"1.0417": {
							"vector": [108.49506, -82.09657, -18.33118]
						}
					},
					"position": {
						"0.0": {
							"vector": [0, -7, -6]
						},
						"0.2083": {
							"vector": [0, 26.66021, 17.2602]
						},
						"0.5417": {
							"vector": [0, -0.49958, 0.30838]
						}
					},
					"scale": {
						"0.0": {
							"vector": [1, 1, 1]
						},
						"0.2083": {
							"vector": [1, 14.9, 1]
						},
						"0.5": {
							"vector": [1, 14.9, 1]
						},
						"0.5417": {
							"vector": [1, 1, 1]
						}
					}
				},
				"LeftArm": {
					"rotation": {
						"0.0": {
							"vector": [112.5, 0, 0]
						},
						"0.0833": {
							"vector": [147.5, 0, 0]
						},
						"0.2083": {
							"vector": [150, 0, 0]
						},
						"0.5": {
							"vector": [150, 0, 0]
						},
						"0.5417": {
							"vector": [83.70702, 37.33289, -3.82607]
						},
						"1.0417": {
							"vector": [71.32319, 74.20678, -18.01813]
						}
					},
					"position": {
						"0.0": {
							"vector": [0, -6, -5]
						},
						"0.2083": {
							"vector": [0, 29.06162, 18.36506]
						},
						"0.5417": {
							"vector": [0, -0.96073, 0.51627]
						}
					},
					"scale": {
						"0.0": {
							"vector": [1, 1, 1]
						},
						"0.2083": {
							"vector": [1, 15.4, 1]
						},
						"0.5": {
							"vector": [1, 15.4, 1]
						},
						"0.5417": {
							"vector": [1, 1, 1]
						}
					}
				},
				"RightLeg": {
					"rotation": {
						"0.0": {
							"vector": [0, 0, 0]
						},
						"1.0417": {
							"vector": [-51.83416, 9.88744, 7.68615]
						}
					}
				},
				"LeftLeg": {
					"rotation": {
						"0.0": {
							"vector": [0, 0, 0]
						},
						"1.0417": {
							"vector": [45.39875, -8.42145, -5.41207]
						}
					}
				}
			}
		},
		"stamp": {
			"animation_length": 1.0833,
			"bones": {
				"bone": {
					"rotation": {
						"0.0": {
							"vector": [-45, 0, 0]
						},
						"0.0833": {
							"vector": [30, 0, 0]
						},
						"0.75": {
							"vector": [17.5, 0, 0]
						},
						"0.8333": {
							"vector": [-30, 0, 0]
						}
					},
					"position": {
						"0.0": {
							"vector": [0, -2, 0]
						},
						"0.0833": {
							"vector": [0, 3, 0]
						},
						"0.8333": {
							"vector": [0, -2, 0]
						},
						"0.9167": {
							"vector": [0, 0.33, 0]
						},
						"1.0833": {
							"vector": [0, -1, 0]
						}
					}
				},
				"Head": {
					"rotation": {
						"0.0": {
							"vector": [-10, 0, 0]
						},
						"0.2083": {
							"vector": [-37.5, 0, 0]
						},
						"0.75": {
							"vector": [-32.5, 0, 0]
						},
						"0.8333": {
							"vector": [20, 0, 0]
						}
					}
				},
				"RightArm": {
					"rotation": {
						"0.0": {
							"vector": [0, 0, 0]
						},
						"0.5417": {
							"vector": [0, 0, 32.5]
						},
						"0.75": {
							"vector": [67.5, 0, 32.5]
						},
						"1.0": {
							"vector": [-55, 0, 32.5]
						}
					}
				},
				"LeftArm": {
					"rotation": {
						"0.0": {
							"vector": [0, 0, 0]
						},
						"0.5417": {
							"vector": [0, 0, -45]
						},
						"0.75": {
							"vector": [70, 0, -45]
						},
						"1.0": {
							"vector": [-57.5, 0, -45]
						}
					}
				},
				"RightLeg": {
					"rotation": {
						"0.0": {
							"vector": [0, 0, 0]
						},
						"0.1667": {
							"vector": [-30.28, 0, 0]
						},
						"0.75": {
							"vector": [-18.78, 0, 0]
						},
						"0.8333": {
							"vector": [20, 0, 0]
						}
					}
				},
				"LeftLeg": {
					"rotation": {
						"0.0": {
							"vector": [-62.5, 0, 0]
						},
						"0.0833": {
							"vector": [145, 0, 0]
						},
						"0.75": {
							"vector": [160, 0, 0]
						},
						"0.8333": {
							"vector": [27.5, 0, 0]
						}
					},
					"position": {
						"0.0": {
							"vector": [0, 0, 0]
						},
						"0.8333": {
							"vector": [0, 3.86603, 4.69615]
						}
					},
					"scale": {
						"0.0": {
							"vector": [1, 1, 1]
						},
						"0.25": {
							"vector": [1, 9.5, 1]
						},
						"0.6667": {
							"vector": [1, 9.5, 1]
						},
						"0.75": {
							"vector": [1, 1, 1]
						}
					}
				}
			}
		},
		"rifle": {
			"animation_length": 2,
			"bones": {
				"bone": {
					"rotation": {
						"0.0": {
							"vector": [174.981, 175.01907, -179.56312]
						},
						"0.5": {
							"vector": [170.98457, 140.1827, -175.81727],
							"easing": "easeOutCirc"
						},
						"0.75": {
							"vector": [160.98457, 140.1827, -175.81727]
						},
						"0.7917": {
							"vector": [143.59666, 227.00464, -176.782],
							"easing": "easeOutCirc"
						},
						"1.5": {
							"vector": [141.09666, 227.00464, -176.782]
						},
						"2.0": {
							"vector": [130.03519, 235.98937, -190.84616],
							"easing": "easeOutQuint"
						}
					},
					"position": {
						"vector": [0, 0, 0]
					}
				},
				"Head": {
					"rotation": {
						"0.0": {
							"vector": [0, 0, 0]
						},
						"0.5": {
							"vector": [0, -37.5, 0],
							"easing": "easeOutCirc"
						},
						"0.75": {
							"vector": [5, -37.5, 0]
						},
						"0.7917": {
							"vector": [4.69262, 32.30748, 5.56072],
							"easing": "easeOutCirc"
						},
						"1.5": {
							"vector": [12.19262, 32.30748, 5.56072]
						},
						"2.0": {
							"vector": [43.67639, 46.5579, 48.00082],
							"easing": "easeOutQuint"
						}
					}
				},
				"RightArm": {
					"rotation": {
						"0.0": {
							"vector": [0, 0, 0]
						},
						"0.5": {
							"vector": [47.75318, -17.04679, 14.9092],
							"easing": "easeOutCirc"
						},
						"0.75": {
							"vector": [47.20513, -18.88952, 16.68541]
						},
						"0.7917": {
							"vector": [28.82357, -42.80378, 50.99742],
							"easing": "easeOutCirc"
						},
						"1.5": {
							"vector": [24.51604, -45.05075, 57.20219]
						},
						"2.0": {
							"vector": [-30.48396, -45.05075, 57.20219],
							"easing": "easeOutQuint"
						}
					}
				},
				"RightLeg": {
					"rotation": {
						"0.0": {
							"vector": [0, 0, 0]
						},
						"0.5": {
							"vector": [-20, -22.5, 0],
							"easing": "easeOutCirc"
						},
						"0.75": {
							"vector": [-12.5, -22.5, 0]
						},
						"0.7917": {
							"vector": [75, -22.5, 0],
							"easing": "easeOutCirc"
						},
						"1.5": {
							"vector": [80, -22.5, 0]
						},
						"2.0": {
							"vector": [52.5, -22.5, 0],
							"easing": "easeOutQuint"
						}
					},
					"position": {
						"0.0": {
							"vector": [0, 0, 0]
						},
						"0.5": {
							"vector": [-1, 3, 3],
							"easing": "easeOutCirc"
						},
						"0.7917": {
							"vector": [-1, 2, 3],
							"easing": "easeOutCirc"
						}
					}
				},
				"LeftLeg": {
					"rotation": {
						"0.0": {
							"vector": [0, 0, 0]
						},
						"0.5": {
							"vector": [-25, -25, 0],
							"easing": "easeOutCirc"
						},
						"0.75": {
							"vector": [-30, -25, 0]
						},
						"0.7917": {
							"vector": [-57.5, -25, 0],
							"easing": "easeOutCirc"
						},
						"1.5": {
							"vector": [-60, -25, 0]
						},
						"2.0": {
							"vector": [-42.5, -25, 0],
							"easing": "easeOutQuint"
						}
					}
				},
				"LeftArm": {
					"rotation": {
						"0.0": {
							"vector": [-87.5, 0, 0]
						},
						"0.5": {
							"vector": [-84.35, -37.45817, -1.91699],
							"easing": "easeOutCirc"
						},
						"0.75": {
							"vector": [-84.35, -37.45817, -1.91699],
							"easing": "easeOutCirc"
						},
						"0.7917": {
							"vector": [140.04628, 35.93196, 37.45372],
							"easing": "easeOutCirc"
						},
						"0.8333": {
							"vector": [138.45648, -38.36708, 92.44255]
						},
						"0.875": {
							"vector": [140.04628, 35.93196, 37.45372],
							"easing": "easeOutCirc"
						},
						"0.9167": {
							"vector": [138.45648, -38.36708, 92.44255]
						},
						"0.9583": {
							"vector": [140.04628, 35.93196, 37.45372],
							"easing": "easeOutCirc"
						},
						"1.0": {
							"vector": [138.45648, -38.36708, 92.44255]
						},
						"1.0417": {
							"vector": [140.04628, 35.93196, 37.45372],
							"easing": "easeOutCirc"
						},
						"1.0833": {
							"vector": [138.45648, -38.36708, 92.44255]
						},
						"1.125": {
							"vector": [140.04628, 35.93196, 37.45372],
							"easing": "easeOutCirc"
						},
						"1.1667": {
							"vector": [138.45648, -38.36708, 92.44255]
						},
						"1.2083": {
							"vector": [140.04628, 35.93196, 37.45372],
							"easing": "easeOutCirc"
						},
						"1.25": {
							"vector": [138.45648, -38.36708, 92.44255]
						},
						"1.2917": {
							"vector": [140.04628, 35.93196, 37.45372],
							"easing": "easeOutCirc"
						},
						"1.3333": {
							"vector": [138.45648, -38.36708, 92.44255]
						},
						"1.375": {
							"vector": [140.04628, 35.93196, 37.45372],
							"easing": "easeOutCirc"
						},
						"1.4167": {
							"vector": [138.45648, -38.36708, 92.44255]
						},
						"1.4583": {
							"vector": [140.04628, 35.93196, 37.45372],
							"easing": "easeOutCirc"
						},
						"1.5": {
							"vector": [138.45648, -38.36708, 92.44255]
						},
						"2.0": {
							"vector": [43.45648, -38.36708, 92.44255],
							"easing": "easeOutQuint"
						}
					},
					"position": {
						"0.0": {
							"vector": [0, 0, 0]
						},
						"0.5": {
							"vector": [8, 0, -13],
							"easing": "easeOutCirc"
						},
						"0.75": {
							"vector": [0, 0, 0],
							"easing": "easeInCirc"
						},
						"0.7917": {
							"vector": [3, 3, 5],
							"easing": "easeOutCirc"
						},
						"2.0": {
							"vector": [0, 3, 2],
							"easing": "easeOutQuint"
						}
					},
					"scale": {
						"0.0": {
							"vector": [1, 1, 1]
						},
						"0.5": {
							"vector": [1, 7.9, 1],
							"easing": "easeOutCirc"
						},
						"0.75": {
							"vector": [1, 0.1, 1],
							"easing": "easeInCirc"
						},
						"0.7917": {
							"vector": [1, 3, 1],
							"easing": "easeOutCirc"
						},
						"1.5": {
							"vector": [1, 3, 1],
							"easing": "easeOutCirc"
						},
						"2.0": {
							"vector": [1, 1, 1],
							"easing": "easeOutQuint"
						}
					}
				}
			}
		}
	},
	"geckolib_format_version": 2
}