{
	"format_version": "1.12.0",
	"minecraft:geometry": [
		{
			"description": {
				"identifier": "geometry.marine",
				"texture_width": 128,
				"texture_height": 128,
				"visible_bounds_width": 2,
				"visible_bounds_height": 3.5,
				"visible_bounds_offset": [0, 1.25, 0]
			},
			"bones": [
				{
					"name": "bone",
					"pivot": [0, 12, 0]
				},
				{
					"name": "LeftLeg",
					"parent": "bone",
					"pivot": [1.9, 12, 0],
					"cubes": [
						{"origin": [-0.1, 0, -2], "size": [4, 12, 4], "uv": [44, 32]}
					]
				},
				{
					"name": "RightLeg",
					"parent": "bone",
					"pivot": [-1.9, 12, 0],
					"cubes": [
						{"origin": [-3.9, 0, -2], "size": [4, 12, 4], "uv": [0, 33]}
					]
				},
				{
					"name": "LeftArm",
					"parent": "bone",
					"pivot": [5, 22, 0],
					"cubes": [
						{"origin": [4, 12, -2], "size": [4, 12, 4], "uv": [28, 32]}
					]
				},
				{
					"name": "RightArm",
					"parent": "bone",
					"pivot": [-5, 22, 0],
					"cubes": [
						{"origin": [-8, 12, -2], "size": [4, 12, 4], "uv": [32, 0]},
						{"origin": [-6, 12.5, -3.5], "size": [1, 1, 7], "uv": [48, 4]},
						{"origin": [-7, 11.5, -3.6], "size": [3, 3, 1], "uv": [16, 39]},
						{"origin": [-5.5, 12, -17.6], "size": [0, 3, 14], "uv": [0, 16]},
						{"origin": [-6, 11.5, -2.6], "size": [1, 1, 5], "uv": [16, 33]}
					]
				},
				{
					"name": "Body",
					"parent": "bone",
					"pivot": [0, 24, 0],
					"cubes": [
						{"origin": [-4, 12, -2], "size": [8, 12, 4], "uv": [28, 16]}
					]
				},
				{
					"name": "Head",
					"parent": "bone",
					"pivot": [0, 24, 0],
					"cubes": [
						{"origin": [-4, 24, -4], "size": [8, 8, 8], "uv": [0, 0]},
						{"origin": [-4, 29, -7], "size": [8, 1, 3], "uv": [48, 0]}
					]
				}
			]
		}
	]
}