{
	"format_version": "1.12.0",
	"minecraft:geometry": [
		{
			"description": {
				"identifier": "geometry.marinecape",
				"texture_width": 128,
				"texture_height": 128,
				"visible_bounds_width": 3,
				"visible_bounds_height": 3.5,
				"visible_bounds_offset": [0, 1.25, 0]
			},
			"bones": [
				{
					"name": "Head",
					"pivot": [0, 24, 0],
					"cubes": [
						{"origin": [-4, 24, -4], "size": [8, 8, 8], "uv": [0, 16]},
						{"origin": [-4, 24, -4], "size": [8, 8, 8], "inflate": 0.5, "uv": [0, 0]}
					]
				},
				{
					"name": "RightLeg",
					"pivot": [-1.9, 12, 0],
					"cubes": [
						{"origin": [-3.9, 0, -2], "size": [4, 12, 4], "uv": [56, 52]},
						{"origin": [-3.9, 0, -2], "size": [4, 12, 4], "inflate": 0.25, "uv": [56, 36]}
					]
				},
				{
					"name": "LeftLeg",
					"pivot": [1.9, 12, 0],
					"cubes": [
						{"origin": [-0.1, 0, -2], "size": [4, 12, 4], "uv": [40, 52]},
						{"origin": [-0.1, 0, -2], "size": [4, 12, 4], "inflate": 0.25, "uv": [24, 52]}
					]
				},
				{
					"name": "armorLeftArm",
					"pivot": [5, 22, 0]
				},
				{
					"name": "LeftArm",
					"parent": "armorLeftArm",
					"pivot": [5, 22, 0],
					"cubes": [
						{"origin": [4, 12, -2], "size": [4, 12, 4], "uv": [64, 0]},
						{"origin": [4, 12, -2], "size": [4, 12, 4], "inflate": 0.25, "uv": [0, 60]}
					]
				},
				{
					"name": "armorBody",
					"pivot": [0, 24, 0]
				},
				{
					"name": "Body",
					"parent": "armorBody",
					"pivot": [0, 24, 0],
					"cubes": [
						{"origin": [-4, 12, -2], "size": [8, 12, 4], "uv": [0, 44]},
						{"origin": [-4, 12, -2], "size": [8, 12, 4], "inflate": 0.25, "uv": [32, 36]}
					]
				},
				{
					"name": "cape",
					"parent": "Body",
					"pivot": [0, 23.33333, 2.06667],
					"cubes": [
						{"origin": [-8, 12, 2.4], "size": [16, 12, 0], "uv": [32, 24]},
						{"origin": [3, 10, 3.4], "size": [5, 14, 0], "pivot": [0, 17, 3.4], "rotation": [7.5, 0, 0], "uv": [32, 68]},
						{"origin": [-8, 10, 3.4], "size": [5, 14, 0], "pivot": [0, 17, 3.4], "rotation": [7.5, 0, 0], "uv": [42, 68]},
						{"origin": [-8, 12, 2.3], "size": [16, 12, 0], "uv": [32, 0]}
					]
				},
				{
					"name": "cape2",
					"parent": "cape",
					"pivot": [0, 12, 2.4],
					"cubes": [
						{"origin": [-8, 0, 2.4], "size": [16, 12, 0], "uv": [32, 12]},
						{"origin": [-8, 0, 2.3], "size": [16, 12, 0], "uv": [0, 32]}
					]
				},
				{
					"name": "armorRightArm",
					"pivot": [-5, 22, 0]
				},
				{
					"name": "RightArm",
					"parent": "armorRightArm",
					"pivot": [-5, 22, 0],
					"cubes": [
						{"origin": [-8, 12, -2], "size": [4, 12, 4], "uv": [16, 68]},
						{"origin": [-8, 12, -2], "size": [4, 12, 4], "inflate": 0.25, "uv": [64, 16]}
					]
				}
			]
		}
	]
}