{
	"format_version": "1.8.0",
	"animations": {
		"idle": {
			"loop": true,
			"animation_length": 3,
			"bones": {
				"cape": {
					"rotation": {
						"0.0": {
							"vector": [5, 0, 0]
						},
						"1.5": {
							"vector": [12.5, 0, 0]
						},
						"3.0": {
							"vector": [5, 0, 0]
						}
					}
				},
				"cape2": {
					"rotation": {
						"0.0": {
							"vector": [7.5, 0, 0]
						},
						"0.375": {
							"vector": [-15, 0, 0]
						},
						"1.0417": {
							"vector": [0, 0, 0]
						},
						"1.75": {
							"vector": [17.5, 0, 0]
						},
						"2.4167": {
							"vector": [22.5, 0, 0]
						},
						"3.0": {
							"vector": [7.5, 0, 0]
						}
					}
				}
			}
		}
	},
	"geckolib_format_version": 2
}