{
  "credit": "Made with Blockbench",
  "texture_size": [
    32,
    32
  ],
  "elements": [
    {
      "from": [
        6,
        0,
        5
      ],
      "to": [
        10,
        1,
        10
      ],
      "faces": {
        "north": {
          "uv": [
            5.5,
            9,
            7.5,
            9.5
          ],
          "texture": "#0"
        },
        "east": {
          "uv": [
            7,
            8.5,
            9.5,
            9
          ],
          "texture": "#0"
        },
        "south": {
          "uv": [
            9,
            5.5,
            11,
            6
          ],
          "texture": "#0"
        },
        "west": {
          "uv": [
            0,
            9,
            2.5,
            9.5
          ],
          "texture": "#0"
        },
        "up": {
          "uv": [
            2,
            7.5,
            0,
            5
          ],
          "texture": "#0"
        },
        "down": {
          "uv": [
            8,
            0,
            6,
            2.5
          ],
          "texture": "#0"
        }
      }
    },
    {
      "from": [
        6,
        1,
        8
      ],
      "to": [
        10,
        4,
        10
      ],
      "faces": {
        "north": {
          "uv": [
            7,
            5.5,
            9,
            7
          ],
          "texture": "#0"
        },
        "east": {
          "uv": [
            6,
            7.5,
            7,
            9
          ],
          "texture": "#0"
        },
        "south": {
          "uv": [
            7,
            7,
            9,
            8.5
          ],
          "texture": "#0"
        },
        "west": {
          "uv": [
            8.5,
            3,
            9.5,
            4.5
          ],
          "texture": "#0"
        },
        "up": {
          "uv": [
            6,
            8.5,
            4,
            7.5
          ],
          "texture": "#0"
        },
        "down": {
          "uv": [
            10,
            0,
            8,
            1
          ],
          "texture": "#0"
        }
      }
    },
    {
      "from": [
        6,
        2,
        5
      ],
      "to": [
        10,
        4,
        8
      ],
      "faces": {
        "north": {
          "uv": [
            8,
            1,
            10,
            2
          ],
          "texture": "#0"
        },
        "east": {
          "uv": [
            4,
            8.5,
            5.5,
            9.5
          ],
          "texture": "#0"
        },
        "south": {
          "uv": [
            8.5,
            2,
            10.5,
            3
          ],
          "texture": "#0"
        },
        "west": {
          "uv": [
            8.5,
            4.5,
            10,
            5.5
          ],
          "texture": "#0"
        },
        "up": {
          "uv": [
            2,
            9,
            0,
            7.5
          ],
          "texture": "#0"
        },
        "down": {
          "uv": [
            4,
            7.5,
            2,
            9
          ],
          "texture": "#0"
        }
      }
    },
    {
      "from": [
        5.5,
        2,
        4.9
      ],
      "to": [
        9.5,
        4,
        7.9
      ],
      "faces": {
        "north": {
          "uv": [
            14,
            15,
            16,
            16
          ],
          "texture": "#0"
        },
        "east": {
          "uv": [
            4,
            15,
            5.5,
            16
          ],
          "texture": "#0"
        },
        "south": {
          "uv": [
            8.5,
            2,
            10.5,
            3
          ],
          "texture": "#0"
        },
        "west": {
          "uv": [
            14.5,
            5,
            16,
            6
          ],
          "texture": "#0"
        },
        "up": {
          "uv": [
            2,
            9,
            0,
            7.5
          ],
          "texture": "#0"
        },
        "down": {
          "uv": [
            4,
            7.5,
            2,
            9
          ],
          "texture": "#0"
        }
      }
    },
    {
      "from": [
        5.5,
        4,
        5
      ],
      "to": [
        10.5,
        7,
        10
      ],
      "faces": {
        "north": {
          "uv": [
            2,
            6,
            4.5,
            7.5
          ],
          "texture": "#0"
        },
        "east": {
          "uv": [
            6,
            2.5,
            8.5,
            4
          ],
          "texture": "#0"
        },
        "south": {
          "uv": [
            6,
            4,
            8.5,
            5.5
          ],
          "texture": "#0"
        },
        "west": {
          "uv": [
            4.5,
            6,
            7,
            7.5
          ],
          "texture": "#0"
        },
        "up": {
          "uv": [
            2.5,
            2.5,
            0,
            0
          ],
          "texture": "#0"
        },
        "down": {
          "uv": [
            2.5,
            2.5,
            0,
            5
          ],
          "texture": "#0"
        }
      }
    },
    {
      "from": [
        4.5,
        7,
        7.5
      ],
      "to": [
        11.5,
        10,
        7.5
      ],
      "faces": {
        "north": {
          "uv": [
            2.5,
            0,
            6,
            1.5
          ],
          "texture": "#0"
        },
        "east": {
          "uv": [
            0,
            0,
            0,
            1.5
          ],
          "texture": "#0"
        },
        "south": {
          "uv": [
            6,
            0,
            2.5,
            1.5
          ],
          "texture": "#0"
        },
        "west": {
          "uv": [
            0,
            0,
            0,
            1.5
          ],
          "texture": "#0"
        },
        "up": {
          "uv": [
            3.5,
            0,
            0,
            0
          ],
          "texture": "#0"
        },
        "down": {
          "uv": [
            3.5,
            0,
            0,
            0
          ],
          "texture": "#0"
        }
      }
    },
    {
      "from": [
        4.5,
        5.5,
        4.9
      ],
      "to": [
        11.5,
        8.5,
        4.9
      ],
      "faces": {
        "north": {
          "uv": [
            2.5,
            3,
            6,
            4.5
          ],
          "texture": "#0"
        },
        "east": {
          "uv": [
            0,
            0,
            0,
            1.5
          ],
          "texture": "#0"
        },
        "south": {
          "uv": [
            6,
            3,
            2.5,
            4.5
          ],
          "texture": "#0"
        },
        "west": {
          "uv": [
            0,
            0,
            0,
            1.5
          ],
          "texture": "#0"
        },
        "up": {
          "uv": [
            3.5,
            0,
            0,
            0
          ],
          "texture": "#0"
        },
        "down": {
          "uv": [
            3.5,
            0,
            0,
            0
          ],
          "texture": "#0"
        }
      }
    }
  ],
  "groups": [
    {
      "name": "group",
      "origin": [
        8,
        8,
        8
      ],
      "color": 0,
      "children": [
        0,
        1,
        2,
        3,
        4,
        5,
        6
      ]
    }
  ]
}